{
  "interactive-discover-1": {
    "v0": {
      "n_results": 6,
      "n_http_requests": 87,
      "execution_time": {
        "average": 4542.192838779997,
        "min": 4188.4458710000035,
        "max": 4813.784242000009,
        "std": 203.88123968408323
      }
    },
    "v1": {
      "n_results": 4,
      "n_http_requests": 18,
      "execution_time": {
        "average": 356.4875106399998,
        "min": 344.3683319999982,
        "max": 377.3815489999979,
        "std": 7.183494222452181
      }
    },
    "v2": {
      "n_results": 1,
      "n_http_requests": 18,
      "execution_time": {
        "average": 292.3199840200014,
        "min": 283.3181500000064,
        "max": 324.7844550000009,
        "std": 6.688167743663514
      }
    },
    "v3": {
      "n_results": 14,
      "n_http_requests": 33,
      "execution_time": {
        "average": 705.0886738400013,
        "min": 673.8363099999988,
        "max": 753.1653570000053,
        "std": 22.62244654729824
      }
    },
    "v4": {
      "n_results": 8,
      "n_http_requests": 75,
      "execution_time": {
        "average": 4166.146156819998,
        "min": 3885.6660720000073,
        "max": 4530.193596000012,
        "std": 198.86495765998754
      }
    }
  },
  "interactive-discover-2": {
    "v0": {
      "n_results": 66,
      "n_http_requests": 127,
      "execution_time": {
        "average": 6059.7477583400005,
        "min": 5530.275164000006,
        "max": 7085.971346000006,
        "std": 407.2869854485573
      }
    },
    "v1": {
      "n_results": 46,
      "n_http_requests": 19,
      "execution_time": {
        "average": 972.8527396199986,
        "min": 913.2403489999997,
        "max": 1025.6639480000013,
        "std": 29.60175375346321
      }
    },
    "v2": {
      "n_results": 32,
      "n_http_requests": 19,
      "execution_time": {
        "average": 768.63192152,
        "min": 732.5230869999941,
        "max": 828.4348750000063,
        "std": 22.7054820066968
      }
    },
    "v3": {
      "n_results": 198,
      "n_http_requests": 218,
      "execution_time": {
        "average": 5561.771341540001,
        "min": 5113.552116999999,
        "max": 6477.538684999992,
        "std": 379.9053380619677
      }
    },
    "v4": {
      "n_results": 98,
      "n_http_requests": 122,
      "execution_time": {
        "average": 6117.059784279998,
        "min": 5526.4213880000025,
        "max": 6725.385817000002,
        "std": 331.23969856619425
      }
    }
  },
  "interactive-discover-3": {
    "v0": {
      "n_results": 71,
      "n_http_requests": 253,
      "execution_time": {
        "average": 4094.6424590200004,
        "min": 3619.542060000007,
        "max": 5076.343420000005,
        "std": 381.8410413467096
      }
    },
    "v1": {
      "n_results": 67,
      "n_http_requests": 147,
      "execution_time": {
        "average": 2209.1067091199993,
        "min": 1599.8852299999999,
        "max": 2532.108137000003,
        "std": 238.2588139365512
      }
    },
    "v2": {
      "n_results": 55,
      "n_http_requests": 103,
      "execution_time": {
        "average": 1729.5489771400005,
        "min": 1434.525238999995,
        "max": 1979.4319689999975,
        "std": 143.68628487191012
      }
    },
    "v3": {
      "n_results": 203,
      "n_http_requests": 424,
      "execution_time": {
        "average": 6189.204098320005,
        "min": 5829.312386000005,
        "max": 6877.213520000005,
        "std": 244.74180764067455
      }
    },
    "v4": {
      "n_results": 142,
      "n_http_requests": 273,
      "execution_time": {
        "average": 4514.259478140002,
        "min": 3913.996140000003,
        "max": 6504.243997999991,
        "std": 490.52681257122657
      }
    }
  },
  "interactive-discover-4": {
    "v0": {
      "n_results": 5,
      "n_http_requests": 62,
      "execution_time": {
        "average": 1296.0419695399999,
        "min": 1202.9460800000088,
        "max": 1472.7457480000012,
        "std": 64.68297487618625
      }
    },
    "v1": {
      "n_results": 3,
      "n_http_requests": 21,
      "execution_time": {
        "average": 754.8913347999987,
        "min": 715.2222749999928,
        "max": 816.2467329999927,
        "std": 23.783691928167773
      }
    },
    "v2": {
      "n_results": 3,
      "n_http_requests": 21,
      "execution_time": {
        "average": 646.8816270599997,
        "min": 616.3196020000032,
        "max": 687.3325570000015,
        "std": 18.938272137278897
      }
    },
    "v3": {
      "n_results": 3,
      "n_http_requests": 205,
      "execution_time": {
        "average": 4330.806915059997,
        "min": 3891.7645639999973,
        "max": 4783.862844000003,
        "std": 267.4150249895628
      }
    },
    "v4": {
      "n_results": 7,
      "n_http_requests": 71,
      "execution_time": {
        "average": 1667.6200801999987,
        "min": 1512.3088759999955,
        "max": 1827.824134999988,
        "std": 84.14232345522512
      }
    }
  },
  "interactive-discover-5": {
    "v0": {
      "n_results": 15,
      "n_http_requests": 127,
      "execution_time": {
        "average": 2835.20100266,
        "min": 2362.780799,
        "max": 3525.8915470000065,
        "std": 410.5698317333171
      }
    },
    "v1": {
      "n_results": 3,
      "n_http_requests": 19,
      "execution_time": {
        "average": 423.68958912000176,
        "min": 397.0278980000003,
        "max": 467.4178030000039,
        "std": 17.36365603394745
      }
    },
    "v2": {
      "n_results": 3,
      "n_http_requests": 19,
      "execution_time": {
        "average": 367.1273205999998,
        "min": 350.1518240000005,
        "max": 401.3391280000069,
        "std": 12.657985160816098
      }
    },
    "v3": {
      "n_results": 4,
      "n_http_requests": 218,
      "execution_time": {
        "average": 3238.5300370799996,
        "min": 2516.3156149999995,
        "max": 3485.728323999996,
        "std": 200.24921563362597
      }
    },
    "v4": {
      "n_results": 20,
      "n_http_requests": 122,
      "execution_time": {
        "average": 2893.326331260001,
        "min": 2375.906157000005,
        "max": 3388.936474000002,
        "std": 404.11481252584736
      }
    }
  },
  "interactive-discover-6": {
    "v0": {
      "timeout": 120000
    },
    "v1": {
      "n_results": 1,
      "n_http_requests": 30,
      "execution_time": {
        "average": 993.6167333399976,
        "min": 935.0196710000018,
        "max": 1080.1627219999937,
        "std": 31.732803329055645
      }
    },
    "v2": {
      "n_results": 1,
      "n_http_requests": 27,
      "execution_time": {
        "average": 763.6800013399998,
        "min": 727.5266419999971,
        "max": 812.6050380000088,
        "std": 20.98225245138816
      }
    },
    "v3": {
      "timeout": 120000
    },
    "v4": {
      "n_results": 27,
      "n_http_requests": 133,
      "execution_time": {
        "average": 6550.251388219999,
        "min": 6144.197819999987,
        "max": 7025.091889999996,
        "std": 240.2410826361607
      }
    }
  },
  "interactive-discover-7": {
    "v0": {
      "timeout": 120000
    },
    "v1": {
      "n_results": 1,
      "n_http_requests": 30,
      "execution_time": {
        "average": 1002.6870136199997,
        "min": 949.3494809999975,
        "max": 1103.7382880000077,
        "std": 37.32140814812876
      }
    },
    "v2": {
      "n_results": 1,
      "n_http_requests": 27,
      "execution_time": {
        "average": 788.8550001800022,
        "min": 746.464089000001,
        "max": 839.8891600000061,
        "std": 26.79515999723978
      }
    },
    "v3": {
      "timeout": 120000
    },
    "v4": {
      "n_results": 1,
      "n_http_requests": 133,
      "execution_time": {
        "average": 6205.31050694,
        "min": 5698.852581999992,
        "max": 7015.813412999996,
        "std": 335.2141052559725
      }
    }
  },